{"cameraMode":{"drawMode":0,"name":"Shaded","section":"Shading Mode"},"sceneLighting":true,"audioPlay":false,"sceneViewState":{"showFog":true,"showMaterialUpdate":false,"showSkybox":true,"showFlares":true,"showImageEffects":true,"showParticleSystems":true},"in2DMode":false,"pivot":{"x":-0.4011920690536499,"y":-3.9202566146850588,"z":13.169322967529297},"rotation":{"x":0.16159339249134065,"y":-0.008576171472668648,"z":0.0014042877592146397,"w":0.9868191480636597},"size":22.0,"orthographic":false}